Name,Position,Location
LinkedIn Member,Pl/sql Developer at Eastern Software Systems Ltd,"Bengaluru Area, India"
LinkedIn Member,SQL Developer,"Kolkata Area, India"
LinkedIn Member,HAVIN 3+ YEARS EXPERIENCE AS MSBI DEVELOPER,"Bengaluru Area, India"
LinkedIn Member,PL/SQL Developer at Trust System & Software,India
LinkedIn Member,SQL Developer at IBIS SYSTEMS & SOLUTIONS PVT LTD,India
LinkedIn Member,Oracle PL SQL Developer at Marfic Software Solutions,"Bengaluru Area, India"
LinkedIn Member,sql/plsql devoloper,"Bengaluru Area, India"
LinkedIn Member,SQL Developer at Accenture,"Bengaluru Area, India"
LinkedIn Member,Sql developer,"Bengaluru Area, India"
LinkedIn Member,ORACLE SQL PLSQL DEVELOPER at Yashu Info Systems,"Bengaluru Area, India"
LinkedIn Member,Application Developer at TEKsystems,"Bengaluru Area, India"
LinkedIn Member,Sql Server Developer at Analytics Quotient,"Bengaluru Area, India"
LinkedIn Member,"DataBase Developer at GA Software Technologies Pvt,Ltd.","Bengaluru Area, India"
LinkedIn Member,Working as Oracle PL/SQL senior developer,"Bengaluru Area, India"
LinkedIn Member,SQL Developer at Cognizant,"Mumbai Area, India"
LinkedIn Member,Software Engineer at VITEOS CAPITAL MARKET SERVICES LIMITED,"Bengaluru Area, India"
LinkedIn Member,Full stack Developer,"Bengaluru Area, India"
LinkedIn Member,"2+ years of experience as developing, testing, implementing and enhancing Reports also working as a SQL Developer","Bengaluru Area, India"
LinkedIn Member,SQL DBA at Datavail,"Bengaluru Area, India"
LinkedIn Member,Associate technical consultant in oracle domain at KPIT TECHNOLOGIES,"Bengaluru Area, India"
LinkedIn Member,Software Engineer at Cenduit(India) Service Pvt.Ltd,"Bengaluru Area, India"
LinkedIn Member,SQL Developer,India
LinkedIn Member,SQL Developer at TCS,India
LinkedIn Member,SQL DEVELOPER at Microsoft,India
LinkedIn Member,SQL Developer & DBA at HOFINCONS INTERNATIONAL PRIVATE LIMITED,India
LinkedIn Member,"Student at Biju Patnaik University of Technology, Odisha","Bengaluru Area, India"
LinkedIn Member,Senior SQL Developer at Mirabel Technologies,"Hyderabad Area, India"
LinkedIn Member,Sql developer & support at Cognizant,"Bengaluru Area, India"
LinkedIn Member,SQL developer at Tesco HSC,"Bengaluru Area, India"
LinkedIn Member,Project Engineer (Sql Developer) at i-Logicon Control Automation,"Bengaluru Area, India"
LinkedIn Member,software engineer (oracle pl/sql developer) at Wipro Technologies,"Bengaluru Area, India"
LinkedIn Member,PL/SQL developer-Oracle Solutions at Darwish cybertech,India
LinkedIn Member,PL/SQL Developer at Glaxo Smith Kline Pharmaceuticals,India
LinkedIn Member,"SQL SERVER, T-SQL, MSBI, SSIS, SSRS DEVELOPER",India
LinkedIn Member,SQL developer,India
LinkedIn Member,PL/SQL developer,India
LinkedIn Member,SQL Developer at Q3 Technologies,India
LinkedIn Member,Lead SQL Developer (DBA) at RSG Media Systems,India
LinkedIn Member,Senior WebFOCUS Developer,"Bengaluru Area, India"
LinkedIn Member,SQL Server Developer at Admiral Technologies,"Noida Area, India"
LinkedIn Member,3.8 years of experience as SQL Server and MSBI Developer with SSRS & SSIS,"Bengaluru Area, India"
LinkedIn Member,Sr. Software developer at HEWLETT PACKERD (HP) (Bangalore),"Bengaluru Area, India"
LinkedIn Member,Database Developer at Thinking Code Technologies Private Limited,"Bengaluru Area, India"
LinkedIn Member,Application Developer at IBM,"Bengaluru Area, India"
LinkedIn Member,Pl/SQL developer at Norkom Technologies,India
LinkedIn Member,Developer at i-Noesis Solutions,"Bengaluru Area, India"
LinkedIn Member,oracle developer at Tecnosoft development india pvt ltd Bangalore,"Bengaluru Area, India"
LinkedIn Member,Sql Server Developer,"Kolkata Area, India"
LinkedIn Member,Hadoop Developer at Accenture,"Bengaluru Area, India"
LinkedIn Member,SQL Developer at not applicable not applicable,"Bengaluru Area, India"
LinkedIn Member,Application Developer in SQL and UNIX at IBM India Private Limited,"Bengaluru Area, India"
LinkedIn Member,SQL DBA/Developer,"Bengaluru Area, India"
LinkedIn Member,--,"Bengaluru Area, India"
LinkedIn Member,--,"Bengaluru Area, India"
LinkedIn Member,APPLICATION DEVELOPMENT ANALYST,"Bengaluru Area, India"
LinkedIn Member,Automation Lead Analyst at Oracle India Pvt. Ltd,"Bengaluru Area, India"
LinkedIn Member,Senior Engineer Software at BETSOL,"Bengaluru Area, India"
LinkedIn Member,Software Engineer at Thomson Reuters,"Bengaluru Area, India"
LinkedIn Member,Senior Software Engineer at Wipro Technologies,"Bengaluru Area, India"
LinkedIn Member,Senior Database Analyst at Sabre,"Bengaluru Area, India"
LinkedIn Member,WFM Administration at Mphasis,"Bengaluru Area, India"
LinkedIn Member,Hadoop and Spark developer at Epsilon,"Bengaluru Area, India"
LinkedIn Member,AA Certified RPA Developer,"Bengaluru Area, India"
LinkedIn Member,Software Developer at BigInfo Labs,"Bengaluru Area, India"
LinkedIn Member,Lead Software Developer at ZeOmega,"Bengaluru Area, India"
LinkedIn Member,Oracle Developer at Omegacube TechSystems.,"Bengaluru Area, India"
LinkedIn Member,ORACLE PL/SQL DEVELOPER at Edvnsys Solutions pvt ltd,"Bengaluru Area, India"
LinkedIn Member,Jnr SQL Developer at Renee Systems Inc,"Hyderabad Area, India"
LinkedIn Member,SQL Developer at SR Microsystems,"Bengaluru Area, India"
LinkedIn Member,Oracle PL/SQL Developer,"Pune Area, India"
LinkedIn Member,SQL Server Developer,"Bengaluru Area, India"
LinkedIn Member,Database Developer at Dell at Dell,"Bengaluru Area, India"
LinkedIn Member,SQL Developer / DBA,"Ahmedabad Area, India"
LinkedIn Member,"SQL DEVELOPER,SSRS DEVELOPER (SOFTWARE DEVELOPER) at MIND SCAPE COMPUTING PVT LTD","Bengaluru Area, India"
LinkedIn Member,Looking for job oppurtunity as Oracle PL/SQL Developer having experience of 3 years. at GENPACT,"Bengaluru Area, India"
LinkedIn Member,Software Professional at Manthan,"Bengaluru Area, India"
LinkedIn Member,SQL Developer @ Apima Consultancy Pvt Ltd,India
LinkedIn Member,SQL Developer at Reliance Jio Infocomm Pvt Ltd,India
LinkedIn Member,Sql-Developer at Cnergyis infotech India Pvt. Ltd.,India
LinkedIn Member,SQL Developer at East West Seeds India,India
LinkedIn Member,pl/sql developer at 3i Infotech,India
LinkedIn Member,SQL Developer at Merit Software Services,"Chennai Area, India"
LinkedIn Member,SQL Server & BI Developer at Technovert,"Hyderabad Area, India"
LinkedIn Member,SQL Developer at ThinkBox Helthcare LLC,"Mumbai Area, India"
LinkedIn Member,SQl PLSQL Developer at Weblogicx,India
LinkedIn Member,SQL Developer at InfoSys Ltd.,India
LinkedIn Member,Sr.Sql Developer at Reliance jio Infocomm ltd,India
LinkedIn Member,pl/sql developer at TE Connectivity,"Bengaluru Area, India"
LinkedIn Member,Core competencies Microsoft SQL Server | SQL | T-SQL | SSIS | SSRS |,"Gurgaon, India"
LinkedIn Member,SQL Developer at Ramco Systems,"Chennai Area, India"
LinkedIn Member,SQL Developer at Bajaj Finserv,"Kalyan Area, India"
LinkedIn Member,sql developer at Oracle,India
LinkedIn Member,"SQL developer at Accenture, Banglore","Bengaluru Area, India"
LinkedIn Member,SQL Developer at Asite Solution Pvt. Ltd.,"Ahmedabad Area, India"
LinkedIn Member,SQL Developer at Asite Solutions Pvt. Ltd,"Ahmedabad Area, India"
LinkedIn Member,SQL Developer at PROFOUND INFOTECH PRIVATE LIMITED,"Bengaluru Area, India"
LinkedIn Member,pl sql developer at IBM,India
LinkedIn Member,SQL Server Developer at Capgemini,India
LinkedIn Member,application developer,"Bengaluru Area, India"
LinkedIn Member,SQL and Report Developer at Bajaj Finserv,India
