Mobile,Price
"Apple iPhone SE (Space Grey, 32 GB)","₹15,999"
"Apple iPhone SE (Rose Gold, 32 GB)","₹15,999"
"Apple iPhone SE (Gold, 32 GB)","₹15,999"
"Apple iPhone SE (Silver, 32 GB)","₹15,999"
"Apple iPhone 6s (Rose Gold, 32 GB)","₹24,999"
"Apple iPhone 6s (Space Grey, 32 GB)","₹24,999"
"Apple iPhone 6s Plus (Rose Gold, 32 GB)","₹30,999"
"Apple iPhone 6s (Gold, 32 GB)","₹24,999"
"Apple iPhone 6s Plus (Space Grey, 32 GB)","₹30,999"
"Apple iPhone 6s Plus (Gold, 32 GB)","₹30,999"
"Apple iPhone 7 (Black, 32 GB)","₹34,999"
"Apple iPhone 6s (Silver, 32 GB)","₹24,999"
"Apple iPhone 7 (Rose Gold, 32 GB)","₹34,999"
"Apple iPhone 6s Plus (Silver, 32 GB)","₹30,999"
"Apple iPhone 7 (Gold, 32 GB)","₹34,999"
"Apple iPhone 7 (Silver, 32 GB)","₹34,999"
"Apple iPhone 6 (Space Grey, 32 GB)","₹23,999"
"Apple iPhone 7 (Jet Black, 32 GB)","₹40,990"
"Apple iPhone 7 Plus (Black, 32 GB)","₹49,990"
"Apple iPhone 6 (Gold, 32 GB)","₹23,999"
"Apple iPhone 7 Plus (Gold, 32 GB)","₹53,999"
"Apple iPhone XS Max (Gold, 64 GB)","₹1,09,900"
"Apple iPhone XR ((PRODUCT)RED, 64 GB)","₹76,900"
"Apple iPhone X (Space Gray, 64 GB)","₹79,999"
