Page URL,Error Count
https://www.bluegreenowner.com/home,19 Errors
https://www.bluegreenowner.com/mybluegreen/my-dashboard#section-saved-searches,17 Errors
https://www.bluegreenowner.com/book/bluegreen-resorts/last-minute-availability,11 Errors
https://lg.bluegreenowner.com/owner/calcPoints.aspx,21 Errors
https://www.bluegreenowner.com/reservation/reminder,23 Errors
https://www.bluegreenowner.com/book/vacation-planning-tools/vacation-week-calendar,12 Errors
https://lg.bluegreenowner.com/owner/PremierSearch.aspx,6 Errors
https://lg.bluegreenowner.com/owner/vcExchanges.aspx,5 Errors
https://lg.bluegreenowner.com/TravelerPlus/owner/cruises.aspx,18 Errors
https://www.bluegreenowner.com/search/FAQ/Vacation-Club-Quick-Start-Guide,12 Errors
https://www.bluegreenowner.com/search/faq-home,13 Errors
https://www.bluegreenowner.com/Search/FAQ/Tutorials-and-Webinars-Overview,12 Errors
https://www.bluegreenowner.com/Search/Tutorials/Webinars-On-Demand,13 Errors
https://www.bluegreenowner.com/search/FAQ/how-points-work-annual-ownership#TOP,12 Errors
https://www.bluegreenowner.com/get-inspired/resort-locator,35 Errors
https://www.bluegreenowner.com/featured/Power-of-Vacation-Digital-Edition,13 Errors
https://www.bluegreenowner.com/DOPs/BGR-QR,11 Errors
https://www.bluegreenowner.com/rewards/referral-activity,11 Errors
https://www.bluegreenowner.com/rewards/rewards-activity,12 Errors
https://www.bluegreenowner.com/rewards/redeem-rewards-cart,11 Errors
https://www.bluegreenowner.com/traveler-plus/traveler-plus,28 Errors
https://lg.bluegreenowner.com/TravelerPlus/owner/hotweeksSearch.aspx,31 Errors
https://lg.bluegreenowner.com/TravelerPlus/owner/RCINightlyStays.aspx,12 Errors
https://lg.bluegreenowner.com/TravelerPlus/owner/greatescapessearch.aspx,13 Errors
https://www.bluegreenowner.com/traveler-plus/choice-hotels-benefits,11 Errors
https://lg.bluegreenowner.com/TravelerPlus/owner/DirectExchange.aspx,9 Errors
https://lg.bluegreenowner.com/TravelerPlus/owner/cruises.aspx,18 Errors
https://www.bluegreenowner.com/traveler-plus/escorted-tours,11 Errors
https://www.bluegreenowner.com/traveler-plus/all-inclusives,11 Errors
https://www.bluegreenowner.com/traveler-plus/grand-yacht-club,11 Errors
https://www.bluegreenowner.com/traveler-plus/outdoor-sportsman,12 Errors
https://lg.bluegreenowner.com/TravelerPlus/owner/RvCamping.aspx,12 Errors
https://www.bluegreenowner.com/traveler-plus/ski-snowboard,11 Errors
https://bluegreen.enjoymydeals.com/home,23 Errors
https://www.bluegreenowner.com/my-vacation-profile,27 Errors
https://www.bluegreenowner.com/mybluegreen/my-account#go-green,25 Errors
https://www.bluegreenowner.com/mybluegreen/my-account/change-password,14 Errors
https://lg.bluegreenowner.com/owner/vcPremierProfile.aspx,22 Errors
https://www.bluegreenowner.com/mybluegreen/my-dashboard,17 Errors
https://www.bluegreenowner.com/mybluegreen/my-reservations,11 Errors
https://www.bluegreenowner.com/mybluegreen/my-points,11 Errors
https://www.bluegreenowner.com/featured/choice-new-benefits,11 Errors
https://www.bluegreenowner.com/contactus,11 Errors
https://www.bluegreenowner.com/maintenance/summary,25 Errors
https://www.bluegreenowner.com/loan/security,15 Errors
https://www.bluegreenowner.com/loan/tax-forms,11 Errors
https://www.bluegreenowner.com/Search/faqs#q=test,13 Errors
https://www.bluegreenowner.com/book/owner-adventures,11 Errors
https://ownerupdate.bluegreenvacations.com/,4 Errors
